{"cameraMode":{"drawMode":0,"name":"Shaded","section":"Shading Mode"},"sceneLighting":false,"audioPlay":false,"sceneViewState":{"m_AlwaysRefresh":false,"showFog":false,"showSkybox":false,"showFlares":false,"showImageEffects":false,"showParticleSystems":false,"showVisualEffectGraphs":true,"m_FxEnabled":true},"in2DMode":false,"pivot":{"x":0.00009202957153320313,"y":0.8570693135261536,"z":-0.0061247944831848148},"rotation":{"x":0.06350594758987427,"y":0.9084739089012146,"z":-0.14987346529960633,"w":0.3849492073059082},"size":1.3641386032104493,"orthographic":false}